Kota;Kecamatan;;;;
Kota Administrasi Jakarta Pusat;Cempaka Putih;;;;
;Gambir;;;;
;Johar Baru;;;;
;Kemayoran;;;;
;Menteng;;;;
;Sawah Besar;;;;
;Senen;;;;
;Tanah Abang;;;;
Kota Administrasi Jakarta Utara;Cilincing;;;;
;Kelapa Gading;;;;
;Koja;;;;
;Pademangan;;;;
;Penjaringan;;;;
;Tanjung Priok;;;;
Kota Administrasi Jakarta Timur;Cakung;;;;
;Cipayung;;;;
;Ciracas;;;;
;Duren Sawit;;;;
;Jatinegara;;;;
;Kramat Jati;;;;
;Makasar;;;;
;Matraman;;;;
;Pasar Rebo;;;;
;Pulo Gadung;;;;
Kota Administrasi Jakarta Selatan;Cilandak;;;;
;Jagakarsa;;;;
;Kebayoran Baru;;;;
;Kebayoran Lama;;;;
;Mampang Prapatan;;;;
;Pancoran;;;;
;Pasar Minggu;;;;
;Pesanggrahan;;;;
;Setiabudi;;;;
;Tebet;;;;
Kota Administrasi Jakarta Barat;Cengkareng;;;;
;Grogol Petamburan ;;;;
;Taman Sari;;;;
;Tambora;;;;
;Kebon Jeruk;;;;
;Kalideres;;;;
;Palmerah;;;;
;Kembangan;;;;
;;;;;
;;;;;
;;;;;